,commit,commit_ant,name,path
0,52128872db3c7273c73340d10bd73732ac4e0be7,8cf3c45ef160eacd03c046f83e5846aad6d55158,icechen1/Notable,repositories/icechen1_Notable
1,c0930e24a65284a8d2c523c045de151367c54b3b,c7748cf2e7f439628517d2abe2c47f6c31c17257,icechen1/Notable,repositories/icechen1_Notable
2,aa9a844d9532d1d22ff063885f69ee1a86875f90,ddd0a155a6069f117198cccef8a9a47770a75519,icechen1/Notable,repositories/icechen1_Notable
3,60c6eb7450aacf36d010d22ab3fc7eef1b791a67,0be82093f174590b5b8847f2dc00564f137f848f,icechen1/Notable,repositories/icechen1_Notable
4,f83fc83805e14a751b3c1d9b46902397a72edcdf,2569c4a14b10fe74fbca00d3bb658e9cce8db013,icechen1/Notable,repositories/icechen1_Notable
5,03ec37884402f07e51ab7ec5c1a8c23f42d5603e,f197931404900e3e6895df3570b11b7a50f589d1,icechen1/Notable,repositories/icechen1_Notable
6,90c527806e15a81835be6a16f0a0be1fd24b723b,10945da15694bd05ba729288d0b9ae3a45ed1d53,icechen1/Notable,repositories/icechen1_Notable
7,9f8da135469da0161f065b6e103d8ce6b3d4ae05,a7832af15d9b1af7c2365c83db97e39286cf8ee2,geecko86/QuickLyric,repositories/geecko86_QuickLyric
8,73ee6728b5f973bddd0b1259ea9c933b01ddca8f,8479ca1d8a3857b3414df8b635995de5ced1b0e8,geecko86/QuickLyric,repositories/geecko86_QuickLyric
9,36ae6b001f1f2cf203f291f2760b35308711441b,8922b929109bb873d0b23384a53a8bd188778f23,geecko86/QuickLyric,repositories/geecko86_QuickLyric
10,857f6e06f90a74e6335362921da9e1ed24405864,5fd0dbca900d0a97bffb47a6169454109e6c874d,geecko86/QuickLyric,repositories/geecko86_QuickLyric
11,406f70bdd6de5acb6572631225088d238878a32b,548086396e075f22c524f8bd44ff2842d3b1d327,geecko86/QuickLyric,repositories/geecko86_QuickLyric
12,3dd7ca99b31be63179b5d6285d6aa0bee18e650b,2867bdf9e082bc7906ad5cae2ccb163d288e8ea3,geecko86/QuickLyric,repositories/geecko86_QuickLyric
13,83f93cb99c5856d8ed85f3aee4377ece32cb1182,8caa4c01fed95aff7c62d4d0f1acdecf20d426b7,qqq3/good-weather,repositories/qqq3_good-weather
14,ceb550e54014b0ccdbfc7c9e3cca9a80b0d8a6c6,6d32fc6a3aac7ec7a05b3c251372b9aec6d3acee,qqq3/good-weather,repositories/qqq3_good-weather
15,7f8f426f4d80bd2368a962cf40c922cbd7753780,e1bebcad61b8625bfcb0b9284b30d75e1dc3a079,qqq3/good-weather,repositories/qqq3_good-weather
16,982f4c2d97fc71e2e90ebb03da006ada634bc53d,e7d915f0704810b478f5c3c3d6646729bf926205,qqq3/good-weather,repositories/qqq3_good-weather
17,e393e0788bdb1a47b0294a4ae2fd73b41665df43,f2e72711feb742d56c835accf3ec73a47ec2f01b,qqq3/good-weather,repositories/qqq3_good-weather
18,2ab88ba7b7f06d2fc06078657f41e354447f74f1,1fda4968ab5d78fd0a729ff4e3e0a6b2ac22efff,qqq3/good-weather,repositories/qqq3_good-weather
19,961ae2becab5046c02c35b53a2001fb9f073fb39,7397d0c202f747f8417fc80a27fd8999b070a9a5,qqq3/good-weather,repositories/qqq3_good-weather
20,2858ebcb0b6d81a3c1ff794b58bf9d180d3140c9,93b7d9fa95be15371f4512f6717438ac51d85e6d,qqq3/good-weather,repositories/qqq3_good-weather
21,920d77a2fa5d1ca05c361d5338ffb9e698a48b34,e1167a12e1ae7ab92e5e017296c453acaf5b4f02,qqq3/good-weather,repositories/qqq3_good-weather
22,36b4e54ffa1efbd36232ca77dddd278d57023669,029da6e7f82a80fef21fd56fd81fc7dc732ebb56,qqq3/good-weather,repositories/qqq3_good-weather
23,b4420e903f307cf0ee5b7c9afeff30d90becc780,68d00b86b21b0539510927a99260cf31d6a1c03c,qqq3/good-weather,repositories/qqq3_good-weather
24,886fce67463ae331eeb1e95cc848632da87cee36,3fb36ef5d4e4f4eab87f0b12f44e74b4775b3751,SecUSo/privacy-friendly-shopping-list,repositories/SecUSo_privacy-friendly-shopping-list
25,3fb36ef5d4e4f4eab87f0b12f44e74b4775b3751,8edd93918901544ea38822226962f9dd935fb005,SecUSo/privacy-friendly-shopping-list,repositories/SecUSo_privacy-friendly-shopping-list
26,ec99d2de5f6fd08c277a84e2c98ff5c7bb5abe61,0f08fec9a9959a7ba3ff91954aa922d609abd45a,SecUSo/privacy-friendly-shopping-list,repositories/SecUSo_privacy-friendly-shopping-list
27,0f08fec9a9959a7ba3ff91954aa922d609abd45a,a18aa20b154d90b29e37c7bf9e3f4d61c7c22ef9,SecUSo/privacy-friendly-shopping-list,repositories/SecUSo_privacy-friendly-shopping-list
28,9040f996e1f1753048ce834fb5b834863ba12b97,3f4720e70755cad834e3cdb348df75711c667644,SecUSo/privacy-friendly-shopping-list,repositories/SecUSo_privacy-friendly-shopping-list
29,9391deb0936ed6e76317f2ede87efd858991448e,52e2743887438cacb3c6ddf9204da03a45509152,SecUSo/privacy-friendly-shopping-list,repositories/SecUSo_privacy-friendly-shopping-list
30,eb17f680734c60f8027f22cbe4999409f8c60ecf,fe3fbb0b8274ad8dff4724ff7a8d09910f72e261,SecUSo/privacy-friendly-shopping-list,repositories/SecUSo_privacy-friendly-shopping-list
31,9ebe6fa8f7f683550a537256e6824e34d468a710,4da40ba728e41a97c5eb98868dcb79905e23e7cf,SecUSo/privacy-friendly-shopping-list,repositories/SecUSo_privacy-friendly-shopping-list
32,1b6b6df9ff3e8e5962ebd5300475acb211a39060,421d83c5fbd51aeffc471d91152accac65283507,SecUSo/privacy-friendly-shopping-list,repositories/SecUSo_privacy-friendly-shopping-list
33,f2fe1236aa8469f86911333ed30d9932093c39d4,b9a1efad637bb13c3ece6b415e92c2feed1c4fdf,SecUSo/privacy-friendly-shopping-list,repositories/SecUSo_privacy-friendly-shopping-list
34,465679e292a269aa2b4b167f83715e381ccf2a24,081ca0f9d0cc1d7ce428f8dfff0435ece569d648,SecUSo/privacy-friendly-shopping-list,repositories/SecUSo_privacy-friendly-shopping-list
35,91b51f71038f6758aa58ec4c79f69792d4813aad,6161d41095bddccc307346137da7a2ccc0f7eda3,SecUSo/privacy-friendly-shopping-list,repositories/SecUSo_privacy-friendly-shopping-list
